complex_id,seed,delta_mean_late_score_norm_before_clip,delta_mean_late_score_norm_after_clip,delta_mean_late_clipped_fraction,delta_mean_late_center_displacement,delta_mean_late_ligand_radius,delta_raw_ligand_rmse,delta_aligned_ligand_rmsd
13gs,42,-0.000403,-0.000403,0.000000,-0.020036,-1.079426,0.063041,0.053635
13gs,43,-0.136260,-0.136260,0.000000,-0.036127,-1.090246,0.023518,0.013277
13gs,44,0.005129,0.005129,0.000000,-0.031782,-1.196961,-0.077363,-0.025517
184l,42,0.172772,0.172772,0.000000,-0.058368,0.054258,-0.301521,-0.020239
184l,43,-0.029435,-0.029435,0.000000,-0.064193,-0.498155,0.069623,0.040055
184l,44,-0.056994,-0.056994,0.000000,-0.044139,-0.324578,0.070529,-0.093157
186l,42,-0.275445,-0.275445,0.000000,-0.053730,-0.609745,-0.035415,-0.224846
186l,43,-0.013465,-0.013465,0.000000,-0.035899,0.073660,-0.128275,-0.076797
186l,44,-0.117354,-0.117354,0.000000,-0.037757,0.000560,0.069184,-0.097655
187l,42,-0.081598,-0.081598,0.000000,-0.061923,-0.737180,-0.226116,-0.112192
187l,43,-0.365708,-0.365708,0.000000,-0.041393,-0.252902,-0.114173,-0.203264
187l,44,-0.160786,-0.160786,0.000000,-0.063855,-0.396358,-0.250557,-0.132979
188l,42,0.141211,0.141211,0.000000,-0.045987,-0.470174,0.070947,0.088498
188l,43,0.147981,0.147981,0.000000,-0.050581,0.771355,0.035265,0.181311
188l,44,0.054264,0.054264,0.000000,-0.054732,0.878834,0.085576,0.062113
1a28,42,0.146228,0.146228,0.000000,-0.037222,0.387678,0.074731,0.074379
1a28,43,-0.121441,-0.121441,0.000000,-0.036241,-0.801314,-0.035409,-0.071970
1a28,44,-0.090355,-0.090355,0.000000,-0.021929,-0.496615,-0.023865,-0.025052
