complex,model,schedule,seed,mode,raw,aligned,train_s,error
10gs,egnn,linear,42,snr,2.488294,2.235513,1.26,
10gs,egnn,linear,43,snr,2.943719,2.065961,1.278,
10gs,egnn,cosine,42,snr,2.466074,1.483101,1.254,
10gs,egnn,cosine,43,snr,3.34288,1.497972,1.267,
10gs,frame,linear,42,snr,0.431702,0.336159,3.018,
10gs,frame,linear,43,snr,0.370714,0.249321,3.015,
10gs,frame,cosine,42,snr,0.47477,0.293212,3.037,
10gs,frame,cosine,43,snr,0.258111,0.223892,3.024,
11gs,egnn,linear,42,snr,2.887548,2.709235,1.297,
11gs,egnn,linear,43,snr,3.154867,2.578909,1.266,
11gs,egnn,cosine,42,snr,2.667233,2.377649,1.277,
11gs,egnn,cosine,43,snr,3.731684,1.918996,1.286,
11gs,frame,linear,42,snr,0.867664,0.84133,3.105,
11gs,frame,linear,43,snr,1.323877,1.263286,3.094,
11gs,frame,cosine,42,snr,0.511277,0.479471,3.13,
11gs,frame,cosine,43,snr,0.798635,0.534832,3.111,
1a30,egnn,linear,42,snr,2.491253,1.415483,1.343,
1a30,egnn,linear,43,snr,2.143487,1.731399,1.342,
1a30,egnn,cosine,42,snr,3.137235,0.993105,1.348,
1a30,egnn,cosine,43,snr,2.351438,1.462427,1.347,
1a30,frame,linear,42,snr,0.151811,0.10144,3.215,
1a30,frame,linear,43,snr,0.415586,0.181557,3.202,
1a30,frame,cosine,42,snr,0.260105,0.15093,3.213,
1a30,frame,cosine,43,snr,0.262,0.140633,3.219,
13gs,egnn,linear,42,snr,3.917461,2.129872,1.246,
13gs,egnn,linear,43,snr,3.453568,2.22683,1.232,
13gs,egnn,cosine,42,snr,4.382734,1.998249,1.25,
13gs,egnn,cosine,43,snr,3.859457,2.316954,1.31,
13gs,frame,linear,42,snr,0.262492,0.241606,2.785,
13gs,frame,linear,43,snr,0.634739,0.371596,2.755,
13gs,frame,cosine,42,snr,0.587091,0.424843,2.762,
13gs,frame,cosine,43,snr,0.482782,0.29154,2.826,
16pk,egnn,linear,42,snr,4.324213,2.375031,1.266,
16pk,egnn,linear,43,snr,3.560457,3.107787,1.267,
16pk,egnn,cosine,42,snr,9.918827,8.956766,1.273,
16pk,egnn,cosine,43,snr,4.543042,3.268962,2.183,
16pk,frame,linear,42,snr,0.916706,0.770393,3.488,
16pk,frame,linear,43,snr,0.860753,0.818544,3.109,
16pk,frame,cosine,42,snr,0.517576,0.421882,3.119,
16pk,frame,cosine,43,snr,0.589329,0.483608,3.121,
184l,egnn,linear,42,snr,1.516419,1.186193,1.649,
184l,egnn,linear,43,snr,1.341159,1.069946,1.647,
184l,egnn,cosine,42,snr,1.373839,0.687301,1.63,
184l,egnn,cosine,43,snr,2.109189,0.40874,1.661,
184l,frame,linear,42,snr,0.362227,0.118276,3.663,
184l,frame,linear,43,snr,0.353359,0.149007,3.638,
184l,frame,cosine,42,snr,0.507241,0.159107,3.636,
184l,frame,cosine,43,snr,0.625186,0.123449,3.645,
185l,egnn,linear,42,snr,1.255839,0.816798,1.731,
185l,egnn,linear,43,snr,1.127795,0.767261,1.724,
185l,egnn,cosine,42,snr,1.340994,0.642043,1.748,
185l,egnn,cosine,43,snr,17.260021,7.520261,1.706,
185l,frame,linear,42,snr,0.353073,0.102272,3.798,
185l,frame,linear,43,snr,0.317137,0.097967,3.781,
185l,frame,cosine,42,snr,0.293642,0.078989,3.885,
185l,frame,cosine,43,snr,0.402757,0.052734,3.77,
186l,egnn,linear,42,snr,1.59181,0.649028,1.722,
186l,egnn,linear,43,snr,1.463275,1.095499,1.703,
186l,egnn,cosine,42,snr,1.723458,0.404034,1.706,
186l,egnn,cosine,43,snr,16.221912,7.940945,1.694,
186l,frame,linear,42,snr,0.276574,0.084725,3.785,
186l,frame,linear,43,snr,0.214415,0.102565,3.756,
186l,frame,cosine,42,snr,0.609076,0.191806,3.806,
186l,frame,cosine,43,snr,0.250375,0.123615,3.808,
187l,egnn,linear,42,snr,1.42727,0.490761,1.716,
187l,egnn,linear,43,snr,1.327706,0.823259,1.721,
187l,egnn,cosine,42,snr,1.478224,0.351253,1.72,
187l,egnn,cosine,43,snr,1.425381,0.781249,1.726,
187l,frame,linear,42,snr,0.274325,0.103838,3.777,
187l,frame,linear,43,snr,0.739453,0.092135,3.782,
187l,frame,cosine,42,snr,0.700808,0.075466,3.824,
187l,frame,cosine,43,snr,0.534983,0.157263,3.833,
188l,egnn,linear,42,snr,1.346729,0.680465,1.674,
188l,egnn,linear,43,snr,1.358692,0.739213,1.661,
188l,egnn,cosine,42,snr,1.155516,0.461954,1.668,
188l,egnn,cosine,43,snr,16.842993,4.125329,1.667,
188l,frame,linear,42,snr,0.656762,0.140273,3.69,
188l,frame,linear,43,snr,0.690912,0.15804,3.68,
188l,frame,cosine,42,snr,0.805251,0.120509,3.674,
188l,frame,cosine,43,snr,0.329842,0.082248,3.68,
1a07,egnn,linear,42,snr,2.902408,2.425653,1.059,
1a07,egnn,linear,43,snr,3.181314,2.113641,1.046,
1a07,egnn,cosine,42,snr,3.643677,1.91642,1.066,
1a07,egnn,cosine,43,snr,3.878509,1.848045,1.059,
1a07,frame,linear,42,snr,0.579908,0.481861,2.464,
1a07,frame,linear,43,snr,0.62734,0.578734,2.489,
1a07,frame,cosine,42,snr,0.507639,0.360888,2.467,
1a07,frame,cosine,43,snr,0.687502,0.613897,2.474,
1a08,egnn,linear,42,snr,3.656468,2.592024,1.125,
1a08,egnn,linear,43,snr,2.646768,2.371418,1.12,
1a08,egnn,cosine,42,snr,3.83794,2.281656,1.124,
1a08,egnn,cosine,43,snr,2.877037,2.390623,1.122,
1a08,frame,linear,42,snr,1.225451,1.121811,2.659,
1a08,frame,linear,43,snr,0.887059,0.830521,2.66,
1a08,frame,cosine,42,snr,0.781909,0.719967,2.687,
1a08,frame,cosine,43,snr,0.77019,0.677042,2.661,
1a09,egnn,linear,42,snr,3.556369,2.508666,1.173,
1a09,egnn,linear,43,snr,2.971941,2.777397,1.169,
1a09,egnn,cosine,42,snr,19.720728,17.357979,1.18,
1a09,egnn,cosine,43,snr,4.325911,1.722198,1.172,
1a09,frame,linear,42,snr,1.221278,1.193855,2.938,
1a09,frame,linear,43,snr,0.954021,0.889455,2.913,
1a09,frame,cosine,42,snr,0.594817,0.575063,2.929,
1a09,frame,cosine,43,snr,0.929471,0.856135,2.918,
1a0q,egnn,linear,42,snr,2.261408,1.795407,1.422,
1a0q,egnn,linear,43,snr,2.539975,2.060244,1.403,
1a0q,egnn,cosine,42,snr,2.105657,1.554855,1.403,
1a0q,egnn,cosine,43,snr,2.446263,2.145976,1.399,
1a0q,frame,linear,42,snr,0.257219,0.160258,3.341,
1a0q,frame,linear,43,snr,0.325715,0.144232,3.361,
1a0q,frame,cosine,42,snr,0.353859,0.196486,3.356,
1a0q,frame,cosine,43,snr,0.357157,0.165586,3.352,
1a0t,egnn,linear,42,snr,2.666392,1.565206,1.244,
1a0t,egnn,linear,43,snr,2.553714,1.338133,1.239,
1a0t,egnn,cosine,42,snr,2.073552,1.36816,1.243,
1a0t,egnn,cosine,43,snr,2.026245,1.193623,1.292,
1a0t,frame,linear,42,snr,0.37511,0.218612,2.815,
1a0t,frame,linear,43,snr,0.28193,0.2116,2.797,
1a0t,frame,cosine,42,snr,0.3099,0.254445,2.817,
1a0t,frame,cosine,43,snr,0.31462,0.227749,2.877,
1a1b,egnn,linear,42,snr,3.297702,3.004689,1.093,
1a1b,egnn,linear,43,snr,4.11284,2.385568,1.096,
1a1b,egnn,cosine,42,snr,3.869894,2.505968,1.114,
1a1b,egnn,cosine,43,snr,22.604401,21.623209,1.099,
1a1b,frame,linear,42,snr,1.668177,1.630443,2.59,
1a1b,frame,linear,43,snr,1.737376,1.532203,2.602,
1a1b,frame,cosine,42,snr,1.063965,0.897564,2.582,
1a1b,frame,cosine,43,snr,1.34669,1.039734,2.623,
1a1c,egnn,linear,42,snr,3.642037,2.380331,1.083,
1a1c,egnn,linear,43,snr,3.599047,2.778393,1.06,
1a1c,egnn,cosine,42,snr,3.446538,2.505877,1.071,
1a1c,egnn,cosine,43,snr,4.731726,2.554618,1.071,
1a1c,frame,linear,42,snr,1.115785,1.023164,2.689,
1a1c,frame,linear,43,snr,0.857924,0.830258,2.661,
1a1c,frame,cosine,42,snr,0.453954,0.385362,2.622,
1a1c,frame,cosine,43,snr,0.527179,0.457548,2.677,
1a1e,egnn,linear,42,snr,2.919558,2.563345,1.105,
1a1e,egnn,linear,43,snr,3.378526,2.623446,1.088,
1a1e,egnn,cosine,42,snr,2.772,2.264423,1.086,
1a1e,egnn,cosine,43,snr,19.486153,17.775633,1.078,
1a1e,frame,linear,42,snr,1.295839,1.196929,2.51,
1a1e,frame,linear,43,snr,0.696577,0.654936,2.519,
1a1e,frame,cosine,42,snr,0.576743,0.497979,2.509,
1a1e,frame,cosine,43,snr,0.43362,0.395678,2.541,
1a28,egnn,linear,42,snr,2.133415,1.815097,1.392,
1a28,egnn,linear,43,snr,2.382033,1.846016,1.35,
1a28,egnn,cosine,42,snr,43.578564,39.84827,1.345,
1a28,egnn,cosine,43,snr,2.625937,1.327758,1.358,
1a28,frame,linear,42,snr,0.217904,0.125606,3.266,
1a28,frame,linear,43,snr,0.182533,0.113025,3.377,
1a28,frame,cosine,42,snr,0.325389,0.146737,3.549,
1a28,frame,cosine,43,snr,0.231889,0.126197,3.401,
1a2c,egnn,linear,42,snr,2.807667,2.461579,1.104,
1a2c,egnn,linear,43,snr,2.997357,2.577407,1.131,
1a2c,egnn,cosine,42,snr,2.261992,1.61518,1.083,
1a2c,egnn,cosine,43,snr,3.387496,2.409067,1.117,
1a2c,frame,linear,42,snr,0.295626,0.262892,2.962,
1a2c,frame,linear,43,snr,0.428329,0.403953,2.926,
1a2c,frame,cosine,42,snr,0.378382,0.304055,2.928,
1a2c,frame,cosine,43,snr,0.407269,0.393232,2.918,
