cohort,complex_id,ligand_heavy_atoms,ligand_bond_count,ligand_mean_degree,ligand_max_degree,ligand_cyclomatic_number,ligand_radius,ligand_max_pairwise_span,cropped_protein_nodes,ligand_protein_contacts_edge_cutoff,ligand_protein_contacts_wide_cutoff,protein_ligand_centroid_distance
focus,184l,10,10,2.000000,3,1,3.555599,6.367615,423,223,2034,28.024462
focus,186l,10,10,2.000000,3,1,3.518749,6.082379,436,239,2124,28.222034
focus,187l,8,8,2.000000,3,1,2.900903,5.785550,439,168,1735,28.249208
focus,188l,8,8,2.000000,3,1,2.378718,4.330081,432,182,1687,28.229723
focus,13gs,28,30,2.142857,4,3,7.922267,14.478287,267,322,2506,29.262806
focus,1a28,23,26,2.260870,4,4,6.186204,11.948866,406,316,3774,65.379402
comparison,10gs,33,34,2.060606,3,2,8.243018,14.549397,248,417,3004,29.240290
comparison,11gs,39,39,2.000000,3,1,9.128497,17.588266,249,478,3495,28.084452
comparison,1a30,26,25,1.923077,3,0,5.525693,9.915503,326,368,3411,27.202360
comparison,16pk,39,41,2.102564,4,3,10.443524,20.402792,264,521,3580,45.963150
comparison,185l,9,10,2.222222,3,2,2.369081,4.520496,439,220,1954,28.408566
comparison,1a07,34,34,2.000000,3,1,7.349844,13.002507,172,237,2002,43.846691
comparison,1a08,41,41,2.000000,4,1,9.488097,16.893509,163,305,2287,45.015400
comparison,1a09,41,41,2.000000,4,1,9.300752,16.482393,233,419,3032,45.033352
comparison,1a0q,23,23,2.000000,4,1,6.422462,12.632887,331,372,3017,65.192017
comparison,1a0t,23,24,2.086957,4,2,4.402990,8.119196,296,237,2673,51.010429
comparison,1a1b,39,39,2.000000,4,1,9.653975,17.006670,206,296,2621,45.035530
comparison,1a1c,38,39,2.052632,4,2,9.502393,17.299603,219,323,2724,44.843231
comparison,1a1e,38,39,2.052632,4,2,9.438707,16.536577,224,332,2842,44.524723
comparison,1a2c,44,46,2.090909,3,3,7.686310,14.959764,238,484,3542,32.502552
